{"alwaysOnTop":false,"backgroundColor":null,"basicAuthPassword":null,"basicAuthUsername":null,"bounce":false,"clearCache":false,"counter":false,"darwinDarkModeSupport":false,"disableGpu":false,"diskCacheSize":null,"enableEs3Apis":false,"fastQuit":false,"flashPluginDir":null,"fullScreen":false,"globalShortcuts":null,"height":800,"ignoreCertificate":false,"ignoreGpuBlacklist":false,"insecure":false,"internalUrls":null,"maximize":false,"name":"Jailbreak-Update","nativefierVersion":"8.0.7","proxyRules":null,"showMenuBar":false,"singleInstance":false,"targetUrl":"https://jailbreak-update.github.io/","titleBarStyle":null,"tray":false,"userAgent":"Mozilla/5.0 (X11; Linux x86_64) AppleWebKit/537.36 (KHTML, like Gecko) Chrome/80.0.3987.163 Safari/537.36","width":1280,"win32metadata":{"ProductName":"Jailbreak-Update","InternalName":"Jailbreak-Update","FileDescription":"Jailbreak-Update"},"zoom":1,"whiteLabelEnabled":false}