{"IcoMoonType":"selection","icons":[{"icon":{"paths":["M704 0h-384c-70.688 0-128 57.312-128 128v768c0 70.688 57.312 128 128 128h384c70.688 0 128-57.312 128-128v-768c0-70.688-57.312-128-128-128zM528 96h96c8.8 0 16 7.168 16 16s-7.2 16-16 16h-96c-8.832 0-16-7.168-16-16s7.168-16 16-16zM416 64c17.664 0 32 14.336 32 32s-14.336 32-32 32-32-14.336-32-32 14.336-32 32-32zM576 928c0 17.696-14.304 32-32 32h-64c-17.664 0-32-14.304-32-32v-64c0-17.696 14.336-32 32-32h64c17.696 0 32 14.304 32 32v64zM768 736c0 17.696-14.304 32-32 32h-448c-17.664 0-32-14.304-32-32v-512c0-17.664 14.336-32 32-32h448c17.696 0 32 14.336 32 32v512z"],"attrs":[{}],"isMulticolor":false,"isMulticolor2":false,"tags":["mobile","phone","cellular"],"grid":16},"attrs":[{}],"properties":{"order":1,"id":0,"prevSize":32,"code":59649,"name":"mobile"},"setIdx":0,"setId":9,"iconIdx":0},{"icon":{"paths":["M1024 590.444l-512-397.426-512 397.428v-162.038l512-397.426 512 397.428zM896 576v384h-256v-256h-256v256h-256v-384l384-288z"],"tags":["home","house"],"defaultCode":59648,"grid":16,"attrs":[]},"attrs":[],"properties":{"ligatures":"home, house","name":"home","order":14,"id":1,"prevSize":32,"code":59648},"setIdx":8,"setId":1,"iconIdx":0}],"height":1024,"metadata":{"name":"icomoon"},"preferences":{"showGlyphs":true,"showQuickUse":true,"showQuickUse2":true,"showSVGs":true,"fontPref":{"prefix":"icon-","metadata":{"fontFamily":"icomoon"},"metrics":{"emSize":1024,"baseline":6.25,"whitespace":50},"embed":false},"imagePref":{"prefix":"icon-","png":true,"useClassSelector":true,"color":0,"bgColor":16777215,"classSelector":".icon"},"historySize":50,"showCodes":true,"gridSize":16}}